code,name,market,category,group
1101,台泥,TWSE,水泥工業,
1102,亞泥,TWSE,水泥工業,遠東集團
1103,嘉泥,TWSE,水泥工業,
1104,環泥,TWSE,水泥工業,
1108,幸福,TWSE,水泥工業,
1109,信大,TWSE,水泥工業,
1110,東泥,TWSE,水泥工業,
1201,味全,TWSE,食品工業,
1203,味王,TWSE,食品工業,
1210,大成,TWSE,食品工業,
1213,大飲,TWSE,食品工業,
1215,卜蜂,TWSE,食品工業,
1216,統一,TWSE,食品工業,統一集團
1217,愛之味,TWSE,食品工業,
1218,泰山,TWSE,食品工業,
1219,福壽,TWSE,食品工業,
1220,台榮,TWSE,食品工業,
1225,福懋油,TWSE,食品工業,
1227,佳格,TWSE,食品工業,
1229,聯華,TWSE,食品工業,
1231,聯華食,TWSE,食品工業,
1232,大統益,TWSE,食品工業,統一集團
1233,天仁,TWSE,食品工業,統一集團
1234,黑松,TWSE,食品工業,
1235,興泰,TWSE,食品工業,
1236,宏亞,TWSE,食品工業,
1256,鮮活果汁-KY,TWSE,食品工業,
1301,台塑,TWSE,塑膠工業,台塑集團
1303,南亞,TWSE,塑膠工業,台塑集團
1304,台聚,TWSE,塑膠工業,台塑集團
1305,華夏,TWSE,塑膠工業,
1307,三芳,TWSE,塑膠工業,
1308,亞聚,TWSE,塑膠工業,台塑集團
1309,台達化,TWSE,塑膠工業,
1310,台苯,TWSE,塑膠工業,台塑集團
1312,國喬,TWSE,塑膠工業,台塑集團
1313,聯成,TWSE,塑膠工業,台塑集團
1314,中石化,TWSE,塑膠工業,台塑集團
1315,達新,TWSE,塑膠工業,
1316,上曜,TWSE,建材營造業,
1319,東陽,TWSE,汽車工業,
1321,大洋,TWSE,塑膠工業,
1323,永裕,TWSE,塑膠工業,
1324,地球,TWSE,塑膠工業,
1325,恆大,TWSE,塑膠工業,
1326,台化,TWSE,塑膠工業,台塑集團
1337,再生-KY,TWSE,塑膠工業,統一集團
1338,廣華-KY,TWSE,汽車工業,
1339,昭輝,TWSE,汽車工業,
1340,勝悅-KY,TWSE,塑膠工業,
1341,富林-KY,TWSE,塑膠工業,
1342,八貫,TWSE,其他業,
1402,遠東新,TWSE,紡織纖維,遠東集團
1409,新纖,TWSE,紡織纖維,
1410,南染,TWSE,紡織纖維,
1413,宏洲,TWSE,紡織纖維,
1414,東和,TWSE,紡織纖維,
1416,廣豐,TWSE,其他業,
1417,嘉裕,TWSE,紡織纖維,
1418,東華,TWSE,紡織纖維,
1419,新紡,TWSE,紡織纖維,
1423,利華,TWSE,紡織纖維,
1432,大魯閣,TWSE,運動休閒,
1434,福懋,TWSE,紡織纖維,
1435,中福,TWSE,其他業,
1436,華友聯,TWSE,建材營造業,
1437,勤益控,TWSE,其他業,
1438,三地開發,TWSE,建材營造業,
1439,雋揚,TWSE,建材營造業,
1440,南紡,TWSE,紡織纖維,
1441,大東,TWSE,紡織纖維,
1442,名軒,TWSE,建材營造業,
1443,立益物流,TWSE,其他業,
1444,力麗,TWSE,紡織纖維,
1445,大宇,TWSE,紡織纖維,
1446,宏和,TWSE,紡織纖維,
1447,力鵬,TWSE,紡織纖維,
1449,佳和,TWSE,紡織纖維,
1451,年興,TWSE,紡織纖維,
1452,宏益,TWSE,紡織纖維,
1453,大將,TWSE,建材營造業,
1454,台富,TWSE,紡織纖維,
1455,集盛,TWSE,紡織纖維,
1456,怡華,TWSE,建材營造業,
1457,宜進,TWSE,紡織纖維,
1459,聯發,TWSE,紡織纖維,
1460,宏遠,TWSE,紡織纖維,
1463,強盛新,TWSE,紡織纖維,
1464,得力,TWSE,紡織纖維,
1465,偉全,TWSE,紡織纖維,
1466,聚隆,TWSE,紡織纖維,
1467,南緯,TWSE,紡織纖維,
1468,昶和,TWSE,紡織纖維,
1470,大統新創,TWSE,紡織纖維,
1471,首利,TWSE,電子零組件業,
1472,三洋實業,TWSE,建材營造業,
1473,台南,TWSE,紡織纖維,
1474,弘裕,TWSE,紡織纖維,
1475,業旺,TWSE,紡織纖維,
1476,儒鴻,TWSE,紡織纖維,
1477,聚陽,TWSE,紡織纖維,
1503,士電,TWSE,電機機械,
1504,東元,TWSE,電機機械,中信集團
1506,正道,TWSE,電機機械,
1512,瑞利,TWSE,汽車工業,
1513,中興電,TWSE,電機機械,
1514,亞力,TWSE,電機機械,
1515,力山,TWSE,電機機械,
1516,川飛,TWSE,其他業,
1517,利奇,TWSE,電機機械,
1519,華城,TWSE,電機機械,
1521,大億,TWSE,汽車工業,
1522,堤維西,TWSE,汽車工業,
1524,耿鼎,TWSE,汽車工業,
1525,江申,TWSE,汽車工業,
1526,日馳,TWSE,電機機械,
1527,鑽全,TWSE,電機機械,
1528,恩德,TWSE,電機機械,
1529,樂事綠能,TWSE,電機機械,
1530,亞崴,TWSE,電機機械,
1531,高林股,TWSE,電機機械,
1532,勤美,TWSE,電機機械,
1533,車王電,TWSE,汽車工業,
1535,中宇,TWSE,電機機械,
1536,和大,TWSE,汽車工業,
1537,廣隆,TWSE,電機機械,
1538,正峰,TWSE,電機機械,
1539,巨庭,TWSE,電機機械,
1540,喬福,TWSE,電機機械,
1541,錩泰,TWSE,電機機械,
1558,伸興,TWSE,電機機械,
1560,中砂,TWSE,電機機械,
1563,巧新,TWSE,汽車工業,
1568,倉佑,TWSE,汽車工業,
1582,信錦,TWSE,電子零組件業,
1583,程泰,TWSE,電機機械,
1587,吉茂,TWSE,汽車工業,
1589,永冠-KY,TWSE,電機機械,
1590,亞德客-KY,TWSE,電機機械,
1597,直得,TWSE,電機機械,
1598,岱宇,TWSE,運動休閒,
1603,華電,TWSE,電器電纜,
1604,聲寶,TWSE,電器電纜,
1605,華新,TWSE,電器電纜,華新麗華
1608,華榮,TWSE,電器電纜,
1609,大亞,TWSE,電器電纜,
1611,中電,TWSE,電器電纜,
1612,宏泰,TWSE,電器電纜,
1614,三洋電,TWSE,電器電纜,
1615,大山,TWSE,電器電纜,
1616,億泰,TWSE,電器電纜,
1617,榮星,TWSE,電器電纜,
1618,合機,TWSE,電器電纜,
1626,艾美特-KY,TWSE,電器電纜,
1702,南僑,TWSE,食品工業,
1707,葡萄王,TWSE,生技醫療業,統一集團
1708,東鹼,TWSE,化學工業,
1709,和益,TWSE,化學工業,
1710,東聯,TWSE,化學工業,遠東集團
1711,永光,TWSE,化學工業,
1712,興農,TWSE,化學工業,
1713,國化,TWSE,化學工業,
1714,和桐,TWSE,化學工業,
1717,長興,TWSE,化學工業,
1718,中纖,TWSE,化學工業,遠東集團
1720,生達,TWSE,生技醫療業,
1721,三晃,TWSE,化學工業,
1722,台肥,TWSE,化學工業,
1723,中碳,TWSE,化學工業,
1725,元禎,TWSE,化學工業,
1726,永記,TWSE,化學工業,
1727,中華化,TWSE,化學工業,
1730,花仙子,TWSE,化學工業,
1731,美吾華,TWSE,生技醫療業,
1732,毛寶,TWSE,化學工業,
1733,五鼎,TWSE,生技醫療業,
1734,杏輝,TWSE,生技醫療業,
1735,日勝化,TWSE,化學工業,
1736,喬山,TWSE,運動休閒,
1737,臺鹽,TWSE,食品工業,
1752,南光,TWSE,生技醫療業,
1760,寶齡富錦,TWSE,生技醫療業,
1762,中化生,TWSE,生技醫療業,
1773,勝一,TWSE,化學工業,
1776,展宇,TWSE,化學工業,
1783,和康生,TWSE,生技醫療業,
1786,科妍,TWSE,生技醫療業,
1789,神隆,TWSE,生技醫療業,
1795,美時,TWSE,生技醫療業,
1802,台玻,TWSE,玻璃陶瓷,
1805,寶徠,TWSE,建材營造業,
1806,冠軍,TWSE,玻璃陶瓷,
1808,潤隆,TWSE,建材營造業,
1809,中釉,TWSE,玻璃陶瓷,
1810,和成,TWSE,玻璃陶瓷,
1817,凱撒衛,TWSE,玻璃陶瓷,
1903,士紙,TWSE,造紙工業,
1904,正隆,TWSE,造紙工業,
1905,華紙,TWSE,造紙工業,
1906,寶隆,TWSE,造紙工業,
1907,永豐餘,TWSE,造紙工業,
1909,榮成,TWSE,造紙工業,
2002,中鋼,TWSE,鋼鐵工業,
2006,東和鋼鐵,TWSE,鋼鐵工業,
2007,燁興,TWSE,鋼鐵工業,
2008,高興昌,TWSE,鋼鐵工業,
2009,第一銅,TWSE,鋼鐵工業,
2010,春源,TWSE,鋼鐵工業,
2012,春雨,TWSE,鋼鐵工業,
2013,中鋼構,TWSE,鋼鐵工業,
2014,中鴻,TWSE,鋼鐵工業,
2015,豐興,TWSE,鋼鐵工業,
2017,官田鋼,TWSE,鋼鐵工業,
2020,美亞,TWSE,鋼鐵工業,
2022,聚亨,TWSE,鋼鐵工業,
2023,燁輝,TWSE,鋼鐵工業,
2024,志聯,TWSE,鋼鐵工業,
2025,千興,TWSE,鋼鐵工業,
2027,大成鋼,TWSE,鋼鐵工業,
2028,威致,TWSE,鋼鐵工業,
2029,盛餘,TWSE,鋼鐵工業,
2030,彰源,TWSE,鋼鐵工業,
2031,新光鋼,TWSE,鋼鐵工業,
2032,新鋼,TWSE,鋼鐵工業,
2033,佳大,TWSE,鋼鐵工業,
2034,允強,TWSE,鋼鐵工業,
2038,海光,TWSE,鋼鐵工業,
2049,上銀,TWSE,電機機械,
2059,川湖,TWSE,電子零組件業,
2062,橋椿,TWSE,居家生活,
2069,運錩,TWSE,鋼鐵工業,
2101,南港,TWSE,橡膠工業,
2102,泰豐,TWSE,橡膠工業,
2103,台橡,TWSE,橡膠工業,
2104,國際中橡,TWSE,橡膠工業,
2105,正新,TWSE,橡膠工業,
2106,建大,TWSE,橡膠工業,
2107,厚生,TWSE,橡膠工業,
2108,南帝,TWSE,橡膠工業,
2109,華豐,TWSE,橡膠工業,
2114,鑫永銓,TWSE,橡膠工業,
2115,六暉-KY,TWSE,汽車工業,
2201,裕隆,TWSE,汽車工業,
2204,中華,TWSE,汽車工業,
2206,三陽工業,TWSE,汽車工業,
2207,和泰車,TWSE,汽車工業,
2208,台船,TWSE,航運業,
2211,長榮鋼,TWSE,鋼鐵工業,
2227,裕日車,TWSE,汽車工業,
2228,劍麟,TWSE,汽車工業,
2231,為升,TWSE,汽車工業,
2233,宇隆,TWSE,汽車工業,
2236,百達-KY,TWSE,汽車工業,
2239,英利-KY,TWSE,汽車工業,
2241,艾姆勒,TWSE,汽車工業,
2243,宏旭-KY,TWSE,汽車工業,
2247,汎德永業,TWSE,汽車工業,
2248,華勝-KY,TWSE,汽車工業,
2250,IKKA-KY,TWSE,汽車工業,
2254,巨鎧精密-創,TWSE,汽車工業,
2258,鴻華先進-創,TWSE,汽車工業,
2301,光寶科,TWSE,電腦及週邊設備業,
2302,麗正,TWSE,半導體業,
2303,聯電,TWSE,半導體業,聯電集團
2305,全友,TWSE,電腦及週邊設備業,
2308,台達電,TWSE,電子零組件業,
2312,金寶,TWSE,其他電子業,金仁寶集團
2313,華通,TWSE,電子零組件業,
2314,台揚,TWSE,通信網路業,鴻海集團
2316,楠梓電,TWSE,電子零組件業,
2317,鴻海,TWSE,其他電子業,鴻海集團
2321,東訊,TWSE,通信網路業,
2323,中環,TWSE,光電業,
2324,仁寶,TWSE,電腦及週邊設備業,金仁寶集團
2327,國巨,TWSE,電子零組件業,國巨集團
2328,廣宇,TWSE,電子零組件業,鴻海集團
2329,華泰,TWSE,半導體業,
2330,台積電,TWSE,半導體業,台積電概念
2331,精英,TWSE,電腦及週邊設備業,
2332,友訊,TWSE,通信網路業,
2337,旺宏,TWSE,半導體業,聯電集團
2338,光罩,TWSE,半導體業,
2340,台亞,TWSE,半導體業,
2342,茂矽,TWSE,半導體業,
2344,華邦電,TWSE,半導體業,華新麗華
2345,智邦,TWSE,通信網路業,
2347,聯強,TWSE,電子通路業,
2348,海悅,TWSE,其他業,
2349,錸德,TWSE,光電業,
2351,順德,TWSE,半導體業,
2352,佳世達,TWSE,電腦及週邊設備業,
2353,宏碁,TWSE,電腦及週邊設備業,
2354,鴻準,TWSE,其他電子業,鴻海集團
2355,敬鵬,TWSE,電子零組件業,
2356,英業達,TWSE,電腦及週邊設備業,
2357,華碩,TWSE,電腦及週邊設備業,
2359,所羅門,TWSE,其他電子業,金仁寶集團
2360,致茂,TWSE,其他電子業,
2362,藍天,TWSE,電腦及週邊設備業,
2363,矽統,TWSE,半導體業,聯電集團
2364,倫飛,TWSE,電腦及週邊設備業,
2365,昆盈,TWSE,電腦及週邊設備業,
2367,燿華,TWSE,電子零組件業,
2368,金像電,TWSE,電子零組件業,
2369,菱生,TWSE,半導體業,
2371,大同,TWSE,電機機械,
2373,震旦行,TWSE,其他電子業,
2374,佳能,TWSE,光電業,
2375,凱美,TWSE,電子零組件業,
2376,技嘉,TWSE,電腦及週邊設備業,
2377,微星,TWSE,電腦及週邊設備業,
2379,瑞昱,TWSE,半導體業,聯電集團
2380,虹光,TWSE,電腦及週邊設備業,
2382,廣達,TWSE,電腦及週邊設備業,
2383,台光電,TWSE,電子零組件業,
2385,群光,TWSE,電子零組件業,金仁寶集團
2387,精元,TWSE,電腦及週邊設備業,
2388,威盛,TWSE,半導體業,
2390,云辰,TWSE,其他電子業,
2392,正崴,TWSE,電子零組件業,
2393,億光,TWSE,光電業,
2395,研華,TWSE,電腦及週邊設備業,
2397,友通,TWSE,電腦及週邊設備業,
2399,映泰,TWSE,電腦及週邊設備業,
2401,凌陽,TWSE,半導體業,
2402,毅嘉,TWSE,電子零組件業,
2404,漢唐,TWSE,其他電子業,
2405,輔信,TWSE,電腦及週邊設備業,
2406,國碩,TWSE,光電業,
2408,南亞科,TWSE,半導體業,中信集團
2409,友達,TWSE,光電業,友達集團
2412,中華電,TWSE,通信網路業,
2413,環科,TWSE,電子零組件業,
2414,精技,TWSE,電子通路業,
2415,錩新,TWSE,電子零組件業,
2417,圓剛,TWSE,電腦及週邊設備業,
2419,仲琦,TWSE,通信網路業,
2420,新巨,TWSE,電子零組件業,
2421,建準,TWSE,電子零組件業,
2423,固緯,TWSE,其他電子業,
2424,隴華,TWSE,通信網路業,
2425,承啟,TWSE,電腦及週邊設備業,
2426,鼎元,TWSE,光電業,
2427,三商電,TWSE,資訊服務業,
2428,興勤,TWSE,電子零組件業,
2429,銘旺科,TWSE,光電業,
2430,燦坤,TWSE,電子通路業,
2431,聯昌,TWSE,電子零組件業,
2432,倚天酷碁-創,TWSE,電腦及週邊設備業,
2433,互盛電,TWSE,其他電子業,
2434,統懋,TWSE,半導體業,
2436,偉詮電,TWSE,半導體業,聯電集團
2438,翔耀,TWSE,光電業,
2439,美律,TWSE,通信網路業,
2440,太空梭,TWSE,電子零組件業,
2441,超豐,TWSE,半導體業,聯電集團
2442,新美齊,TWSE,建材營造業,
2444,兆勁,TWSE,通信網路業,
2449,京元電子,TWSE,半導體業,
2450,神腦,TWSE,通信網路業,
2451,創見,TWSE,半導體業,
2453,凌群,TWSE,資訊服務業,
2454,聯發科,TWSE,半導體業,
2455,全新,TWSE,通信網路業,
2457,飛宏,TWSE,電子零組件業,
2458,義隆,TWSE,半導體業,聯電集團
2459,敦吉,TWSE,其他電子業,
2460,建通,TWSE,電子零組件業,
2461,光群雷,TWSE,其他電子業,
2462,良得電,TWSE,電子零組件業,
2464,盟立,TWSE,其他電子業,
2465,麗臺,TWSE,電腦及週邊設備業,
2466,冠西電,TWSE,光電業,
2467,志聖,TWSE,電子零組件業,
2468,華經,TWSE,資訊服務業,
2471,資通,TWSE,資訊服務業,
2472,立隆電,TWSE,電子零組件業,
2474,可成,TWSE,其他電子業,
2476,鉅祥,TWSE,電子零組件業,
2477,美隆電,TWSE,其他電子業,
2478,大毅,TWSE,電子零組件業,國巨集團
2480,敦陽科,TWSE,資訊服務業,
2481,強茂,TWSE,半導體業,
2482,連宇,TWSE,其他電子業,
2483,百容,TWSE,電子零組件業,
2484,希華,TWSE,電子零組件業,
2485,兆赫,TWSE,通信網路業,
2486,一詮,TWSE,光電業,
2488,漢平,TWSE,其他電子業,
2489,瑞軒,TWSE,光電業,
2491,吉祥全,TWSE,光電業,
2492,華新科,TWSE,電子零組件業,國巨集團
2493,揚博,TWSE,電子零組件業,
2495,普安,TWSE,電腦及週邊設備業,
2496,卓越,TWSE,其他業,
2497,怡利電,TWSE,汽車工業,
2498,宏達電,TWSE,通信網路業,
2501,國建,TWSE,建材營造業,國泰集團
2504,國產,TWSE,建材營造業,
2505,國揚,TWSE,建材營造業,
2506,太設,TWSE,建材營造業,
2509,全坤建,TWSE,建材營造業,
2511,太子,TWSE,建材營造業,
2514,龍邦,TWSE,其他業,
2515,中工,TWSE,建材營造業,
2516,新建,TWSE,建材營造業,
2520,冠德,TWSE,建材營造業,
2524,京城,TWSE,建材營造業,
2527,宏璟,TWSE,建材營造業,
2528,皇普,TWSE,建材營造業,
2530,華建,TWSE,建材營造業,
2534,宏盛,TWSE,建材營造業,
2535,達欣工,TWSE,建材營造業,
2536,宏普,TWSE,建材營造業,
2537,聯上發,TWSE,建材營造業,
2538,基泰,TWSE,建材營造業,
2539,櫻花建,TWSE,建材營造業,
2540,愛山林,TWSE,建材營造業,
2542,興富發,TWSE,建材營造業,
2543,皇昌,TWSE,建材營造業,
2545,皇翔,TWSE,建材營造業,
2546,根基,TWSE,建材營造業,
2547,日勝生,TWSE,建材營造業,
2548,華固,TWSE,建材營造業,
2597,潤弘,TWSE,建材營造業,
2601,益航,TWSE,貿易百貨業,
2603,長榮,TWSE,航運業,長榮集團
2605,新興,TWSE,航運業,
2606,裕民,TWSE,航運業,遠東集團
2607,榮運,TWSE,航運業,長榮集團
2608,嘉里大榮,TWSE,航運業,
2609,陽明,TWSE,航運業,長榮集團
2610,華航,TWSE,航運業,
2611,志信,TWSE,航運業,
2612,中航,TWSE,航運業,
2613,中櫃,TWSE,航運業,
2614,東森,TWSE,其他業,
2615,萬海,TWSE,航運業,長榮集團
2616,山隆,TWSE,油電燃氣業,
2617,台航,TWSE,航運業,
2618,長榮航,TWSE,航運業,長榮集團
2630,亞航,TWSE,航運業,
2633,台灣高鐵,TWSE,航運業,
2634,漢翔,TWSE,航運業,
2636,台驊控股,TWSE,航運業,
2637,慧洋-KY,TWSE,航運業,長榮集團
2642,宅配通,TWSE,航運業,
2645,長榮航太,TWSE,航運業,
2646,星宇航空,TWSE,航運業,
2701,萬企,TWSE,觀光餐旅,
2702,華園,TWSE,觀光餐旅,
2704,國賓,TWSE,觀光餐旅,
2705,六福,TWSE,觀光餐旅,
2706,第一店,TWSE,觀光餐旅,
2707,晶華,TWSE,觀光餐旅,
2712,遠雄來,TWSE,觀光餐旅,
2722,夏都,TWSE,觀光餐旅,
2723,美食-KY,TWSE,觀光餐旅,
2727,王品,TWSE,觀光餐旅,
2731,雄獅,TWSE,觀光餐旅,
2739,寒舍,TWSE,觀光餐旅,
2748,雲品,TWSE,觀光餐旅,
2753,八方雲集,TWSE,觀光餐旅,
2762,世界健身-KY,TWSE,運動休閒,
2801,彰銀,TWSE,金融保險業,
2809,京城銀,TWSE,其他/ETF,
2812,台中銀,TWSE,金融保險業,
2816,旺旺保,TWSE,金融保險業,
2820,華票,TWSE,金融保險業,
2832,台產,TWSE,金融保險業,
2834,臺企銀,TWSE,金融保險業,
2836,高雄銀,TWSE,金融保險業,
2838,聯邦銀,TWSE,金融保險業,
2845,遠東銀,TWSE,金融保險業,遠東集團
2849,安泰銀,TWSE,金融保險業,
2850,新產,TWSE,金融保險業,
2851,中再保,TWSE,金融保險業,
2852,第一保,TWSE,金融保險業,
2855,統一證,TWSE,金融保險業,
2867,三商壽,TWSE,金融保險業,
2880,華南金,TWSE,金融保險業,
2881,富邦金,TWSE,金融保險業,富邦集團
2882,國泰金,TWSE,金融保險業,國泰集團
2883,凱基金,TWSE,金融保險業,
2884,玉山金,TWSE,金融保險業,
2885,元大金,TWSE,金融保險業,
2886,兆豐金,TWSE,金融保險業,
2887,台新金,TWSE,金融保險業,
2889,國票金,TWSE,金融保險業,
2890,永豐金,TWSE,金融保險業,
2891,中信金,TWSE,金融保險業,中信集團
2892,第一金,TWSE,金融保險業,中信集團
2897,王道銀行,TWSE,金融保險業,
2901,欣欣,TWSE,貿易百貨業,
2903,遠百,TWSE,貿易百貨業,遠東集團
2904,匯僑,TWSE,其他業,
2905,三商,TWSE,貿易百貨業,
2906,高林,TWSE,貿易百貨業,
2908,特力,TWSE,貿易百貨業,
2910,統領,TWSE,貿易百貨業,
2911,麗嬰房,TWSE,貿易百貨業,
2912,統一超,TWSE,貿易百貨業,統一集團
2913,農林,TWSE,貿易百貨業,
2915,潤泰全,TWSE,貿易百貨業,潤泰集團
2923,鼎固-KY,TWSE,建材營造業,
2929,淘帝-KY,TWSE,貿易百貨業,
2939,永邑-KY,TWSE,貿易百貨業,
2945,三商家購,TWSE,貿易百貨業,
3002,歐格,TWSE,電腦及週邊設備業,
3003,健和興,TWSE,電子零組件業,
3004,豐達科,TWSE,鋼鐵工業,
3005,神基,TWSE,電腦及週邊設備業,
3006,晶豪科,TWSE,半導體業,金仁寶集團
3008,大立光,TWSE,光電業,
3010,華立,TWSE,電子通路業,
3011,今皓,TWSE,電子零組件業,
3013,晟銘電,TWSE,電腦及週邊設備業,
3014,聯陽,TWSE,半導體業,聯電集團
3015,全漢,TWSE,電子零組件業,
3016,嘉晶,TWSE,半導體業,
3017,奇鋐,TWSE,電腦及週邊設備業,
3018,隆銘綠能,TWSE,其他電子業,
3019,亞光,TWSE,光電業,
3021,鴻名,TWSE,電子零組件業,
3022,威強電,TWSE,電腦及週邊設備業,
3023,信邦,TWSE,電子零組件業,
3024,憶聲,TWSE,光電業,
3025,星通,TWSE,通信網路業,
3026,禾伸堂,TWSE,電子零組件業,華新麗華
3027,盛達,TWSE,通信網路業,
3028,增你強,TWSE,電子通路業,
3029,零壹,TWSE,資訊服務業,
3030,德律,TWSE,其他電子業,
3031,佰鴻,TWSE,光電業,
3032,偉訓,TWSE,電子零組件業,金仁寶集團
3033,威健,TWSE,電子通路業,
3034,聯詠,TWSE,半導體業,聯電集團
3035,智原,TWSE,半導體業,聯電集團
3036,文曄,TWSE,電子通路業,
3037,欣興,TWSE,電子零組件業,聯電集團
3038,全台,TWSE,光電業,
3040,遠見,TWSE,其他業,
3041,揚智,TWSE,半導體業,聯電集團
3042,晶技,TWSE,電子零組件業,
3043,科風,TWSE,其他電子業,
3044,健鼎,TWSE,電子零組件業,
3045,台灣大,TWSE,通信網路業,富邦集團
3046,建碁,TWSE,電腦及週邊設備業,
3047,訊舟,TWSE,通信網路業,
3048,益登,TWSE,電子通路業,
3049,精金,TWSE,光電業,華新麗華
3050,鈺德,TWSE,光電業,
3051,力特,TWSE,光電業,
3052,夆典,TWSE,建材營造業,
3054,立萬利,TWSE,食品工業,
3055,蔚華科,TWSE,電子通路業,友達集團
3056,富華新,TWSE,建材營造業,
3057,喬鼎,TWSE,電腦及週邊設備業,
3058,立德,TWSE,電子零組件業,
3059,華晶科,TWSE,光電業,聯電集團
3060,銘異,TWSE,電腦及週邊設備業,遠東集團
3062,建漢,TWSE,通信網路業,鴻海集團
3090,日電貿,TWSE,電子零組件業,國巨集團
3092,鴻碩,TWSE,電子零組件業,
3094,聯傑,TWSE,半導體業,
3130,一零四,TWSE,數位雲端,
3135,凌航,TWSE,半導體業,
3138,耀登,TWSE,通信網路業,
3149,正達,TWSE,光電業,
3150,鈺寶-創,TWSE,半導體業,
3164,景岳,TWSE,生技醫療業,
3167,大量,TWSE,電機機械,
3168,眾福科,TWSE,光電業,
3189,景碩,TWSE,半導體業,
3209,全科,TWSE,電子通路業,
3229,晟鈦,TWSE,電子零組件業,
3231,緯創,TWSE,電腦及週邊設備業,
3257,虹冠電,TWSE,半導體業,
3266,昇陽,TWSE,建材營造業,
3296,勝德,TWSE,電子零組件業,
3305,昇貿,TWSE,其他電子業,
3308,聯德,TWSE,電子零組件業,
3311,閎暉,TWSE,通信網路業,
3312,弘憶股,TWSE,電子通路業,
3321,同泰,TWSE,電子零組件業,
3338,泰碩,TWSE,電子零組件業,
3346,麗清,TWSE,汽車工業,
3356,奇偶,TWSE,光電業,
3376,新日興,TWSE,電子零組件業,
3380,明泰,TWSE,通信網路業,
3406,玉晶光,TWSE,光電業,
3413,京鼎,TWSE,半導體業,鴻海集團
3416,融程電,TWSE,電腦及週邊設備業,
3419,譁裕,TWSE,通信網路業,
3432,台端,TWSE,電子零組件業,
3437,榮創,TWSE,光電業,
3443,創意,TWSE,半導體業,台積電概念
3447,展達,TWSE,通信網路業,
3450,聯鈞,TWSE,半導體業,
3454,晶睿,TWSE,光電業,
3481,群創,TWSE,光電業,鴻海集團
3494,誠研,TWSE,電腦及週邊設備業,
3501,維熹,TWSE,電子零組件業,
3504,揚明光,TWSE,光電業,
3515,華擎,TWSE,電腦及週邊設備業,
3518,柏騰,TWSE,其他電子業,
3528,安馳,TWSE,電子通路業,
3530,晶相光,TWSE,半導體業,
3532,台勝科,TWSE,半導體業,
3533,嘉澤,TWSE,電子零組件業,
3535,晶彩科,TWSE,光電業,
3543,州巧,TWSE,光電業,友達集團
3545,敦泰,TWSE,半導體業,
3550,聯穎,TWSE,電子零組件業,
3557,嘉威,TWSE,居家生活,
3563,牧德,TWSE,光電業,
3576,聯合再生,TWSE,光電業,
3583,辛耘,TWSE,半導體業,
3588,通嘉,TWSE,半導體業,
3591,艾笛森,TWSE,光電業,友達集團
3592,瑞鼎,TWSE,半導體業,聯電集團
3593,力銘,TWSE,電子零組件業,
3596,智易,TWSE,通信網路業,
3605,宏致,TWSE,電子零組件業,
3607,谷崧,TWSE,電子零組件業,
3617,碩天,TWSE,其他電子業,
3622,洋華,TWSE,光電業,
3645,達邁,TWSE,電子零組件業,
3652,精聯,TWSE,電腦及週邊設備業,
3653,健策,TWSE,電子零組件業,
3661,世芯-KY,TWSE,半導體業,
3665,貿聯-KY,TWSE,其他電子業,
3669,圓展,TWSE,通信網路業,
3673,TPK-KY,TWSE,光電業,
3679,新至陞,TWSE,電子零組件業,
3686,達能,TWSE,半導體業,
3694,海華,TWSE,通信網路業,
3701,大眾控,TWSE,電腦及週邊設備業,
3702,大聯大,TWSE,電子通路業,
3703,欣陸,TWSE,建材營造業,
3704,合勤控,TWSE,通信網路業,
3705,永信,TWSE,生技醫療業,
3706,神達,TWSE,電腦及週邊設備業,
3708,上緯投控,TWSE,綠能環保,
3711,日月光投控,TWSE,半導體業,
3712,永崴投控,TWSE,電腦及週邊設備業,
3714,富采,TWSE,光電業,
3715,定穎投控,TWSE,電子零組件業,
3716,中化控股,TWSE,生技醫療業,
4104,佳醫,TWSE,生技醫療業,
4106,雃博,TWSE,生技醫療業,
4108,懷特,TWSE,生技醫療業,
4119,旭富,TWSE,生技醫療業,
4133,亞諾法,TWSE,生技醫療業,
4137,麗豐-KY,TWSE,生技醫療業,
4142,國光生,TWSE,生技醫療業,
4148,全宇生技-KY,TWSE,生技醫療業,
4155,訊映,TWSE,生技醫療業,
4164,承業醫,TWSE,生技醫療業,
4190,佐登-KY,TWSE,生技醫療業,
4306,炎洲,TWSE,塑膠工業,
4414,如興,TWSE,紡織纖維,
4426,利勤,TWSE,紡織纖維,
4438,廣越,TWSE,紡織纖維,
4439,冠星-KY,TWSE,紡織纖維,
4440,宜新實業,TWSE,紡織纖維,
4526,東台,TWSE,電機機械,
4532,瑞智,TWSE,電機機械,
4536,拓凱,TWSE,運動休閒,
4540,全球傳動,TWSE,電機機械,
4545,銘鈺,TWSE,電子零組件業,
4551,智伸科,TWSE,汽車工業,
4552,力達-KY,TWSE,電機機械,
4555,氣立,TWSE,電機機械,
4557,永新-KY,TWSE,汽車工業,
4560,強信-KY,TWSE,電機機械,
4562,穎漢,TWSE,電機機械,
4564,元翎,TWSE,電機機械,
4566,時碩工業,TWSE,電機機械,
4569,六方科-KY,TWSE,汽車工業,
4571,鈞興-KY,TWSE,電機機械,
4572,駐龍,TWSE,電機機械,
4576,大銀微系統,TWSE,電機機械,
4581,光隆精密-KY,TWSE,汽車工業,
4583,台灣精銳,TWSE,電機機械,
4588,玖鼎電力,TWSE,其他電子業,
4720,德淵,TWSE,化學工業,
4722,國精化,TWSE,化學工業,
4736,泰博,TWSE,生技醫療業,
4737,華廣,TWSE,生技醫療業,
4739,康普,TWSE,化學工業,
4746,台耀,TWSE,生技醫療業,
4755,三福化,TWSE,化學工業,
4763,材料*-KY,TWSE,化學工業,
4764,雙鍵,TWSE,化學工業,
4766,南寶,TWSE,化學工業,
4770,上品,TWSE,化學工業,
4771,望隼,TWSE,生技醫療業,
4807,日成-KY,TWSE,貿易百貨業,
4904,遠傳,TWSE,通信網路業,遠東集團
4906,正文,TWSE,通信網路業,
4912,聯德控股-KY,TWSE,電子零組件業,金仁寶集團
4915,致伸,TWSE,電子零組件業,金仁寶集團
4916,事欣科,TWSE,電腦及週邊設備業,
4919,新唐,TWSE,半導體業,聯電集團
4927,泰鼎-KY,TWSE,電子零組件業,
4930,燦星網,TWSE,電器電纜,
4934,太極,TWSE,光電業,
4935,茂林-KY,TWSE,光電業,
4938,和碩,TWSE,電腦及週邊設備業,
4942,嘉彰,TWSE,光電業,
4943,康控-KY,TWSE,電子零組件業,
4949,有成精密,TWSE,光電業,
4952,凌通,TWSE,半導體業,聯電集團
4956,光鋐,TWSE,光電業,
4958,臻鼎-KY,TWSE,電子零組件業,鴻海集團
4960,誠美材,TWSE,光電業,友達集團
4961,天鈺,TWSE,半導體業,
4967,十銓,TWSE,半導體業,
4968,立積,TWSE,半導體業,
4976,佳凌,TWSE,光電業,
4977,眾達-KY,TWSE,通信網路業,
4989,榮科,TWSE,電子零組件業,
4994,傳奇,TWSE,資訊服務業,
4999,鑫禾,TWSE,電子零組件業,
5007,三星,TWSE,鋼鐵工業,
5203,訊連,TWSE,資訊服務業,
5215,科嘉-KY,TWSE,電腦及週邊設備業,
5222,全訊,TWSE,半導體業,
5225,東科-KY,TWSE,其他電子業,
5234,達興材料,TWSE,光電業,
5243,乙盛-KY,TWSE,光電業,鴻海集團
5244,弘凱,TWSE,光電業,
5258,虹堡,TWSE,電腦及週邊設備業,金仁寶集團
5269,祥碩,TWSE,半導體業,
5283,禾聯碩,TWSE,電器電纜,
5284,jpp-KY,TWSE,其他業,
5285,界霖,TWSE,半導體業,
5288,豐祥-KY,TWSE,電機機械,
5292,華懋,TWSE,綠能環保,
5306,桂盟,TWSE,運動休閒,
5388,中磊,TWSE,通信網路業,
5434,崇越,TWSE,電子通路業,
5469,瀚宇博,TWSE,電子零組件業,華新麗華
5471,松翰,TWSE,半導體業,
5484,慧友,TWSE,光電業,
5515,建國,TWSE,建材營造業,
5519,隆大,TWSE,建材營造業,
5521,工信,TWSE,建材營造業,
5522,遠雄,TWSE,建材營造業,
5525,順天,TWSE,建材營造業,
5531,鄉林,TWSE,建材營造業,
5533,皇鼎,TWSE,建材營造業,
5534,長虹,TWSE,建材營造業,
5538,東明-KY,TWSE,鋼鐵工業,
5546,永固-KY,TWSE,建材營造業,
5607,遠雄港,TWSE,航運業,
5608,四維航,TWSE,航運業,
5706,鳳凰,TWSE,觀光餐旅,
5871,中租-KY,TWSE,其他業,
5876,上海商銀,TWSE,金融保險業,國泰集團
5880,合庫金,TWSE,金融保險業,
5906,台南-KY,TWSE,貿易百貨業,
5907,大洋-KY,TWSE,貿易百貨業,
6005,群益證,TWSE,金融保險業,
6024,群益期,TWSE,金融保險業,
6108,競國,TWSE,電子零組件業,
6112,邁達特,TWSE,資訊服務業,
6115,鎰勝,TWSE,電子零組件業,
6116,彩晶,TWSE,光電業,華新麗華
6117,迎廣,TWSE,電腦及週邊設備業,
6120,達運,TWSE,光電業,友達集團
6128,上福,TWSE,電腦及週邊設備業,
6133,金橋,TWSE,電子零組件業,
6136,富爾特,TWSE,通信網路業,
6139,亞翔,TWSE,其他電子業,
6141,柏承,TWSE,電子零組件業,
6142,友勁,TWSE,通信網路業,
6152,百一,TWSE,通信網路業,
6153,嘉聯益,TWSE,電子零組件業,
6155,鈞寶,TWSE,電子零組件業,
6164,華興,TWSE,光電業,
6165,浪凡,TWSE,數位雲端,
6166,凌華,TWSE,電腦及週邊設備業,
6168,宏齊,TWSE,光電業,
6176,瑞儀,TWSE,光電業,
6177,達麗,TWSE,建材營造業,
6183,關貿,TWSE,資訊服務業,
6184,大豐電,TWSE,其他業,
6189,豐藝,TWSE,電子通路業,
6191,精成科,TWSE,電子零組件業,
6192,巨路,TWSE,其他電子業,
6196,帆宣,TWSE,其他電子業,台積電概念
6197,佳必琪,TWSE,電子零組件業,
6201,亞弘電,TWSE,其他電子業,
6202,盛群,TWSE,半導體業,
6205,詮欣,TWSE,電子零組件業,
6206,飛捷,TWSE,電腦及週邊設備業,
6209,今國光,TWSE,光電業,
6213,聯茂,TWSE,電子零組件業,
6214,精誠,TWSE,資訊服務業,
6215,和椿,TWSE,其他電子業,
6216,居易,TWSE,通信網路業,
6224,聚鼎,TWSE,電子零組件業,
6225,天瀚,TWSE,光電業,
6226,光鼎,TWSE,光電業,
6230,尼得科超眾,TWSE,電腦及週邊設備業,
6235,華孚,TWSE,電腦及週邊設備業,
6239,力成,TWSE,半導體業,聯電集團
6243,迅杰,TWSE,半導體業,
6257,矽格,TWSE,半導體業,
6269,台郡,TWSE,電子零組件業,
6271,同欣電,TWSE,半導體業,國巨集團
6277,宏正,TWSE,電腦及週邊設備業,
6278,台表科,TWSE,光電業,
6281,全國電,TWSE,電子通路業,
6282,康舒,TWSE,電子零組件業,金仁寶集團
6283,淳安,TWSE,其他電子業,
6285,啟碁,TWSE,通信網路業,
6405,悅城,TWSE,光電業,
6409,旭隼,TWSE,其他電子業,
6412,群電,TWSE,電子零組件業,
6414,樺漢,TWSE,電腦及週邊設備業,鴻海集團
6415,矽力*-KY,TWSE,半導體業,
6416,瑞祺電通,TWSE,通信網路業,
6423,億而得-創,TWSE,半導體業,
6426,統新,TWSE,通信網路業,
6431,光麗-KY,TWSE,生技醫療業,
6438,迅得,TWSE,其他電子業,
6442,光聖,TWSE,通信網路業,
6443,元晶,TWSE,光電業,
6446,藥華藥,TWSE,生技醫療業,
6449,鈺邦,TWSE,電子零組件業,
6451,訊芯-KY,TWSE,半導體業,鴻海集團
6456,GIS-KY,TWSE,光電業,鴻海集團
6464,台數科,TWSE,其他業,
6472,保瑞,TWSE,生技醫療業,
6477,安集,TWSE,光電業,
6491,晶碩,TWSE,生技醫療業,
6504,南六,TWSE,其他業,
6505,台塑化,TWSE,油電燃氣業,台塑集團
6515,穎崴,TWSE,半導體業,台積電概念
6525,捷敏-KY,TWSE,半導體業,
6526,達發,TWSE,半導體業,
6531,愛普*,TWSE,半導體業,
6533,晶心科,TWSE,半導體業,
6534,正瀚-創,TWSE,生技醫療業,
6541,泰福-KY,TWSE,生技醫療業,
6550,北極星藥業-KY,TWSE,生技醫療業,
6552,易華電,TWSE,半導體業,
6558,興能高,TWSE,其他電子業,
6573,虹揚-KY,TWSE,半導體業,
6579,研揚,TWSE,電腦及週邊設備業,
6581,鋼聯,TWSE,綠能環保,
6582,申豐,TWSE,橡膠工業,
6585,鼎基,TWSE,其他業,
6589,台康生技,TWSE,生技醫療業,
6591,動力-KY,TWSE,電腦及週邊設備業,
6592,和潤企業,TWSE,其他業,
6598,ABC-KY,TWSE,生技醫療業,
6605,帝寶,TWSE,汽車工業,
6606,建德工業,TWSE,電機機械,
6625,必應,TWSE,其他業,
6641,基士德-KY,TWSE,綠能環保,
6645,金萬林-創,TWSE,生技醫療業,
6655,科定,TWSE,其他業,
6657,華安,TWSE,生技醫療業,
6658,聯策,TWSE,其他電子業,
6666,羅麗芬-KY,TWSE,生技醫療業,
6668,中揚光,TWSE,光電業,
6669,緯穎,TWSE,電腦及週邊設備業,富邦集團
6670,復盛應用,TWSE,運動休閒,
6671,三能-KY,TWSE,居家生活,
6672,騰輝電子-KY,TWSE,電子零組件業,
6674,鋐寶科技,TWSE,通信網路業,
6689,伊雲谷,TWSE,數位雲端,
6691,洋基工程,TWSE,其他電子業,
6695,芯鼎,TWSE,半導體業,
6698,旭暉應材,TWSE,其他電子業,
6706,惠特,TWSE,光電業,
6715,嘉基,TWSE,電子零組件業,
6719,力智,TWSE,半導體業,
6742,澤米,TWSE,光電業,
6743,安普新,TWSE,其他電子業,
6753,龍德造船,TWSE,航運業,
6754,匯僑設計,TWSE,居家生活,
6756,威鋒電子,TWSE,半導體業,
6757,台灣虎航,TWSE,航運業,
6768,志強-KY,TWSE,運動休閒,
6770,力積電,TWSE,半導體業,
6771,平和環保-創,TWSE,綠能環保,
6776,展碁國際,TWSE,電子通路業,
6781,AES-KY,TWSE,電子零組件業,
6782,視陽,TWSE,生技醫療業,
6789,采鈺,TWSE,半導體業,台積電概念
6790,永豐實,TWSE,造紙工業,
6792,詠業,TWSE,通信網路業,
6794,向榮生技-創,TWSE,生技醫療業,
6796,晉弘,TWSE,生技醫療業,
6799,來頡,TWSE,半導體業,
6805,富世達,TWSE,電子零組件業,
6806,森崴能源,TWSE,綠能環保,
6807,峰源-KY,TWSE,居家生活,
6830,汎銓,TWSE,其他電子業,
6834,天二科技,TWSE,電子零組件業,
6835,圓裕,TWSE,電子零組件業,
6838,台新藥,TWSE,生技醫療業,
6854,錼創科技-KY創,TWSE,半導體業,
6861,睿生光電,TWSE,生技醫療業,
6862,三集瑞-KY,TWSE,電子零組件業,
6863,永道-KY,TWSE,通信網路業,
6869,雲豹能源,TWSE,綠能環保,
6873,泓德能源,TWSE,綠能環保,
6885,全福生技,TWSE,生技醫療業,
6887,寶綠特-KY,TWSE,綠能環保,
6890,來億-KY,TWSE,運動休閒,
6901,鑽石投資,TWSE,其他業,鴻海集團
6902,GOGOLOOK,TWSE,數位雲端,
6906,現觀科,TWSE,數位雲端,
6909,創控,TWSE,半導體業,
6914,阜爾運通,TWSE,其他業,
6916,華凌,TWSE,光電業,
6918,愛派司,TWSE,生技醫療業,
6919,康霈*,TWSE,生技醫療業,
6923,中台,TWSE,綠能環保,
6924,榮惠-KY創,TWSE,電子零組件業,
6928,攸泰科技,TWSE,電腦及週邊設備業,
6931,青松健康,TWSE,生技醫療業,
6933,AMAX-KY,TWSE,電腦及週邊設備業,
6936,永鴻生技,TWSE,生技醫療業,
6937,天虹,TWSE,半導體業,
6944,兆聯實業,TWSE,綠能環保,
6949,沛爾生醫-創,TWSE,生技醫療業,
6951,青新-創,TWSE,綠能環保,
6952,大武山,TWSE,其他業,
6955,邦睿生技-創,TWSE,生技醫療業,
6957,裕慶-KY,TWSE,其他業,
6958,日盛台駿,TWSE,其他業,
6962,奕力-KY,TWSE,半導體業,
6965,中傑-KY,TWSE,運動休閒,
6969,成信實業*-創,TWSE,綠能環保,
6988,威力暘-創,TWSE,汽車工業,
6994,富威電力,TWSE,綠能環保,
7631,聚賢研發-創,TWSE,其他電子業,
7705,三商餐飲,TWSE,觀光餐旅,
7721,微程式,TWSE,數位雲端,
7722,LINEPAY,TWSE,數位雲端,
7732,金興精密,TWSE,汽車工業,
7736,虎山,TWSE,汽車工業,
7740,熙特爾-創,TWSE,綠能環保,
7749,意騰-KY,TWSE,半導體業,
8011,台通,TWSE,通信網路業,
8016,矽創,TWSE,半導體業,
8021,尖點,TWSE,其他電子業,
8028,昇陽半導體,TWSE,半導體業,台積電概念
8033,雷虎,TWSE,其他業,
8039,台虹,TWSE,電子零組件業,聯電集團
8045,達運光電,TWSE,通信網路業,
8046,南電,TWSE,電子零組件業,
8070,長華*,TWSE,電子通路業,金仁寶集團
8072,陞泰,TWSE,電子通路業,
8081,致新,TWSE,半導體業,
8101,華冠,TWSE,通信網路業,
8103,瀚荃,TWSE,電子零組件業,
8104,錸寶,TWSE,光電業,
8105,凌巨,TWSE,光電業,
8110,華東,TWSE,半導體業,華新麗華
8112,至上,TWSE,電子通路業,友達集團
8114,振樺電,TWSE,電腦及週邊設備業,
8131,福懋科,TWSE,半導體業,
8150,南茂,TWSE,半導體業,
8162,微矽電子-創,TWSE,半導體業,
8163,達方,TWSE,電腦及週邊設備業,華新麗華
8201,無敵,TWSE,其他電子業,
8210,勤誠,TWSE,電腦及週邊設備業,
8213,志超,TWSE,電子零組件業,
8215,明基材,TWSE,光電業,友達集團
8222,寶一,TWSE,電機機械,
8249,菱光,TWSE,電子零組件業,友達集團
8261,富鼎,TWSE,半導體業,
8271,宇瞻,TWSE,半導體業,
8341,日友,TWSE,綠能環保,
8367,建新國際,TWSE,航運業,
8374,羅昇,TWSE,電機機械,
8404,百和興業-KY,TWSE,其他業,
8411,福貞-KY,TWSE,其他業,
8422,可寧衛,TWSE,綠能環保,
8429,金麗-KY,TWSE,貿易百貨業,
8438,昶昕,TWSE,綠能環保,
8442,威宏-KY,TWSE,其他業,
8443,阿瘦,TWSE,貿易百貨業,
8454,富邦媒,TWSE,數位雲端,
8462,柏文,TWSE,運動休閒,
8463,潤泰材,TWSE,其他業,潤泰集團
8464,億豐,TWSE,居家生活,
8466,美吉吉-KY,TWSE,其他業,
8467,波力-KY,TWSE,運動休閒,
8473,山林水,TWSE,綠能環保,
8476,台境*,TWSE,綠能環保,
8478,東哥遊艇,TWSE,運動休閒,
8481,政伸,TWSE,其他業,
8482,商億-KY,TWSE,居家生活,
8487,愛爾達-創,TWSE,數位雲端,
8488,吉源-KY,TWSE,其他業,
8499,鼎炫-KY,TWSE,其他電子業,
8926,台汽電,TWSE,油電燃氣業,
8940,新天地,TWSE,觀光餐旅,
8996,高力,TWSE,電機機械,
9802,鈺齊-KY,TWSE,運動休閒,
9902,台火,TWSE,其他業,
9904,寶成,TWSE,運動休閒,
9905,大華,TWSE,其他業,
9906,欣巴巴,TWSE,建材營造業,
9907,統一實,TWSE,其他業,統一集團
9908,大台北,TWSE,油電燃氣業,
9910,豐泰,TWSE,運動休閒,
9911,櫻花,TWSE,居家生活,
9912,偉聯,TWSE,電腦及週邊設備業,
9914,美利達,TWSE,運動休閒,
9917,中保科,TWSE,其他業,
9918,欣天然,TWSE,油電燃氣業,
9919,康那香,TWSE,其他業,
9921,巨大,TWSE,運動休閒,
9924,福興,TWSE,居家生活,
9925,新保,TWSE,其他業,
9926,新海,TWSE,油電燃氣業,
9927,泰銘,TWSE,其他業,
9928,中視,TWSE,其他業,
9929,秋雨,TWSE,其他業,
9930,中聯資源,TWSE,綠能環保,
9931,欣高,TWSE,油電燃氣業,
9933,中鼎,TWSE,其他業,
9934,成霖,TWSE,居家生活,
9935,慶豐富,TWSE,居家生活,
9937,全國,TWSE,油電燃氣業,
9938,百和,TWSE,其他業,
9939,宏全,TWSE,其他業,
9940,信義,TWSE,其他業,
9941,裕融,TWSE,其他業,
9942,茂順,TWSE,其他業,
9943,好樂迪,TWSE,觀光餐旅,
9944,新麗,TWSE,其他業,
9945,潤泰新,TWSE,其他業,潤泰集團
9946,三發地產,TWSE,建材營造業,
9955,佳龍,TWSE,綠能環保,
9958,世紀鋼,TWSE,鋼鐵工業,
